Redmond, WA
Seattle, WA
Mountain View, CA
Cupertino, CA
New York, NY
Hyderabad (India)
Menlo Park, CA
London, England (UK)
Austin, TX
San Francisco, CA
Dublin, Co. Dublin (Ireland)
Bellevue, WA
Bengaluru (India)
Los Angeles, CA
Dallas, TX
Chicago, IL
Phoenix, AZ
Cork (Ireland)
Singapore (Singapore)
Atlanta, GA
Sunnyvale, CA
Houston, TX
San Bernardino, CA
Moreno Valley, CA
Boston, MA
Baltimore, MD
Hebron, KY
Sydney (Australia)
Toronto, ON (Canada)
Los Gatos, CA
Washington, DC
San Diego, CA
Tracy, CA
Miami, FL
San Jose, CA
Chattanooga, TN
Haslet, TX
Reading, England (UK)
Robbinsville, NJ
Ruskin, FL
Kenosha, WI
Denver, CO
Salt Lake City, UT
São Paulo, São Paulo (Brazil)
Beijing, Beijing (China)
Kent, WA
Chester, VA
Las Vegas, NV
Charlotte, NC
Middletown, DE
Orlando, FL
Fort Worth, TX
Lexington-Fayette, KY
Cambridge, MA
Indianapolis, IN
Portland, OR
Paris (France)
Tampa, FL
Palo Alto, CA
Coppell, TX
Gurgaon, Haryana (India)
Vancouver, BC (Canada)
Irving, TX
San Antonio, TX
Murfreesboro, TN
Irvine, CA
Herndon, VA
San Marcos, TX
Reno, NV
Sacramento, CA
Whitestown, IN
Reston, VA
Dubai (United Arab Emirates)
Hillsboro, OR
Jacksonville, FL
Columbus, OH
Pittsburgh, PA
Shanghai, Shanghai (China)
West Columbia, SC
Minneapolis, MN
Philadelphia, PA
Carlisle, PA
Mississauga, ON (Canada)
Carteret, NJ
Avenel, NJ
Joliet, IL
Columbia, SC
Jeffersonville, IN
Cincinnati, OH
Santa Clara, CA
Melbourne (Australia)
Elk Grove, CA
Richmond, VA
Mumbai (India)
Plainfield, IN
New Delhi (India)
Nashville, TN
Monee, IL
Spartanburg, SC
Louisville, KY
Breinigsville, PA
Tokyo (Japan)
Shakopee, MN
Moscow (Russia)
Bucharest (Romania)
Lebanon, TN
Shepherdsville, KY
Arlington, VA
Kansas City, KS
Aventura, FL
Montreal, QC (Canada)
Newark, CA
Raleigh, NC
Hazleton, PA
Tempe, AZ
Fargo, ND
Kirkland, WA
Allentown, PA
Petersburg, VA
Santa Monica, CA
Etna, OH
DuPont, WA
Hong Kong (Hong Kong)
Patterson, CA
Detroit, MI
Munich, Bayern (Germany)
Saint Louis, MO
Florence, NJ
Edison, NJ
Amsterdam (Netherlands)
Huntington, WV
Fort Lauderdale, FL
Charleston, TN
Istanbul (Turkey)
Zürich (Switzerland)
Madrid (Spain)
East Point, GA
Schertz, TX
Oklahoma City, OK
Cairo (Egypt)
Kennewick, WA
Lakeland, FL
Swedesboro, NJ
Windsor, CT
Lenexa, KS
Paramus, NJ
Calgary, AB (Canada)
Riverside, CA
Durham, NC
Issaquah, WA
Edwardsville, IL
Lewisberry, PA
Chennai (India)
Milwaukee, WI
Honolulu, HI
Bethesda, MD
Boulder, CO
Sumner, WA
Tel Aviv-Yafo (Israel)
Newark, NJ
Warsaw (Poland)
Pasadena, CA
Edmonton, AB (Canada)
Scottsdale, AZ
Crest Hill, IL
Remote, OR
Ann Arbor, MI
Colorado Springs, CO
Rialto, CA
Chandler, AZ
Johannesburg (South Africa)
Taipei (Taiwan)
Fall River, MA
Espoo (Finland)
Concord, NC
Cleveland, OH
Campbellsville, KY
Redlands, CA
Brooklyn, NY
Beverly Hills, CA
Miami Beach, FL
Tucson, AZ
Riyadh (Saudi Arabia)
Romeoville, IL
Hazle Township, PA
Stockholm, Stockholm (Sweden)
Humble, TX
Corte Madera, CA
Brussels (Belgium)
Hamburg (Germany)
Davenport, FL
Goodyear, AZ
Wallingford, CT
South San Francisco, CA
Santa Barbara, CA
Chesapeake, VA
Knoxville, TN
Logan Township, NJ
Edgerton, KS
Birmingham, AL
Towson, MD
Santiago (Chile)
Madison, WI
Baton Rouge, LA
Stoughton, MA
Newark, DE
Brisbane (Australia)
Walnut Creek, CA
Kansas City, MO
Memphis, TN
Lexington, KY
Sterling, VA
Fairfax, VA
Manchester, England (UK)
Dhaka (Bangladesh)
Copenhagen (Denmark)
Buenos Aires (Argentina)
Norfolk, VA
Elizabeth, NJ
Naples, FL
Costa Mesa, CA
North Las Vegas, NV
Aurora, CO
Obetz, OH
Albuquerque, NM
Tacoma, WA
Lagos (Nigeria)
Seoul (South Korea)
Prague (Czech Republic)
Robinsville, NJ
Glendale, CA
Gainesville, FL
Renton, WA
Lansing, MI
Boca Raton, FL
Kuala Lumpur (Malaysia)
Sammamish, WA
Nairobi (Kenya)
Greenville, SC
West Seattle, WA
Brownstown, MI
San Luis Obispo, CA
Novi, MI
Bothell, WA
Frisco, TX
Akron, OH
Winchester, KY
Twinsburg, OH
Grand Forks, ND
Rancho Cucamonga, CA
Greensboro, NC
Berlin (Germany)
Milan (Italy)
Sherman Oaks, CA
India, TX
Herzliya (Israel)
Birmingham, England (UK)
Glasgow, Scotland (UK)
Ottawa, ON (Canada)
Oslo (Norway)
Oakland, CA
Charleston, SC
Easton, PA
Coffeyville, KS
Alpharetta, GA
Short Hills, NJ
Troy, MI
Natick, MA
Buffalo, NY
Virginia Beach, VA
Mexico City (Mexico)
Beaverton, OR
Ashburn, VA
Livonia, MI
Boardman, OR
Fernley, NV
King of Prussia, PA
Plano, TX
Westlake, OH
Victor, NY
Mexico, Distrito Federal (Mexico)
Omaha, NE
White Plains, NY
Bloomington, MN
Salem, NH
Southlake, TX
Garden City, NY
Lisbon (Portugal)
Staten Island, NY
Garland, TX
Aurora, IL
Jersey City, NJ
San Mateo, CA
Buford, GA
location
San Bruno, CA
Noida (India)
Raanana (Israel)
South Seattle, WA
Bridgewater, NJ
Metairie, LA
Schaumburg, IL
Manhattan Beach, CA
Jakarta (Indonesia)
Tallinn (Estonia)
Cayce, SC
Hayward, CA
Wilmington, DE
Northbrook, IL
Manhasset, NY
Brandon, FL
Burlington, MA
Rome (Italy)
Suzhou, Jiangsu (China)
Helsinki, Southern Finland (Finland)
Cranbury, NJ
Fresno, CA
Gouldsboro, PA
New Haven, CT
New Brunswick, NJ
Augusta, GA
Berkeley, CA
Richmond, BC (Canada)
Foster City, CA
Abu Dhabi, Abu Dhabi (United Arab Emirates)
Kolkata (India)
Bogotá, Bogota (Colombia)
Belgrade (Serbia)
Smyrna, GA
Shawnee, KS
Seattle Heights, WA
Braselton, GA
Grand Rapids, MI
Eugene, OR
Temecula, CA
Freehold, NJ
Murray, UT
The Woodlands, TX
Tallahassee, FL
Bronx, NY
Shenzhen, Guangdong (China)
London, ON (Canada)
Little Rock, AR
Hartford, CT
Vacaville, CA
Springfield, VA
Nashua, NH
Century City, CA
Albany, NY
Columbia, MD
Bristol, England (UK)
Fremont, CA
Belfast, Northern Ireland (UK)
Budapest (Hungary)
Waterloo, ON (Canada)
Athens (Greece)
West Sacramento, CA
Gilbert, AZ
Ontario, CA
Dinwiddie, VA
Pasco, WA
Skokie, IL
Burlingame, CA
Leawood, KS
Edina, MN
McLean, VA
Farmington, CT
Wayne, NJ
Ang Mo Kio, North-East (Singapore)
West Palm Beach, FL
Barcelona (Spain)
Doha (Qatar)
Lahore (Pakistan)
Moreno, Riverside, CA
Sofia (Bulgaria)
Lancaster, NY
Teterboro, NJ
Richmond, CA
Modesto, CA
Glendale, AZ
Wauwatosa, WI
Tulsa, OK
Cherry Hill, NJ
Lyon (France)
Cambridge, East of England, England (UK)
Quebec, QC (Canada)
Manila, Manila (Philippines)
Euclid, OH
North East, MD
Bethpage, NY
Corona, CA
Spokane, WA
Hawthorne, CA
Roseville, CA
Syracuse, NY
Perth, Western Australia (Australia)
Southampton, England (UK)
Farmington Hills, MI
Union City, GA
Lisle, IL
Huntington, NY
China, ME
Lynnwood, WA
Ardmore, PA
Broomfield, CO
Overland Park, KS
Danbury, CT
Edinburgh, Scotland (UK)
Newcastle upon Tyne, England (UK)
Hanoi (Vietnam)
Monroe, WA
Ho Chi Minh City (Vietnam)
Schiphol (Netherlands)
Auckland, Auckland (New Zealand)
Lima, Lima Region (Peru)
Haifa (Israel)
Chesterfield, VA
Woodbridge, NJ
Union City, CA
Long Beach, CA
Morton Grove, IL
North Reading, MA
Mesa, AZ
Greenwich, CT
Cerritos, CA
Deer Park, IL
Brighton, England (UK)
Bondi (Australia)
Solihull, England (UK)
Belo Horizonte, Minas Gerais (Brazil)
Waltham, MA
Carlsbad, CA
Timi?oara (Romania)
Waukegan, IL
Mobile, AL
Peabody, MA
York, PA
Saint Paul, MN
Lexington, SC
Woodinville, WA
Woodbridge, VA
Lake Grove, NY
Willow Grove, PA
Providence, RI
Orland Park, IL
Braintree, MA
Southfield, MI
South Bend, IN
Pryor, OK
Lenoir, NC
El Paso, TX
Princeton, NJ
Cape Town (South Africa)
San Jose, San Jose (Costa Rica)
Rockville, MD
Almaty (Kazakhstan)
Everett, WA
Wood Dale, IL
Mira Loma, CA
Naperville, IL
Pleasant Prairie, WI
Apple Valley, CA
Harrisburg, PA
Wilkes-Barre, PA
Trenton, NJ
Riverview, FL
Olympia, WA
Cleveland, TN
Thousand Oaks, CA
Woodcliff Lake, NJ
Portland, ME
Grapevine, TX
Kennesaw, GA
Winnipeg, MB (Canada)
Santa Clarita, CA
Kiev (Ukraine)
Mundelein, IL
Umatilla, OR
Orange, CA
Jefferson, GA
Pflugerville, TX
Phila, PA
Littleton, CO
Tukwila, WA
New Orleans, LA
Annapolis, MD
Hingham, MA
Dublin, CA
Daytona Beach, FL
Rochester, NY
Venice, CA
Calif City, CA
Frankfurt am Main (Germany)
Wroc?aw (Poland)
Abidjan (Cote d'Ivoire)
Colombo (Sri Lanka)
Guadalajara, Jalisco (Mexico)
Cedar Rapids, IA
Lake Forest, IL
North Ryde (Australia)
Guangzhou, Guangdong (China)
Henrico, VA
Haidian, Beijing (China)
Eastvale, PA
Wilmington, NC
South Phoenix, AZ
Lancaster, TX
Grand Prairie, TX
Pecan Park, FL
Lockport, IL
Port Orchard, WA
Cypress, TX
Gardner, KS
Canton, GA
Auburn, WA
Salem, OR
Roseville, MN
Friendswood, TX
Yonkers, NY
Marietta, GA
Santa Rosa, CA
Marlton, NJ
Tigard, OR
Willowbrook, IL
Madison Heights, MI
Research Triangle Park, NC
Daly City, CA
Adelaide (Australia)
Sea Cliff, NY
Sydney (Vanuatu)
Leeds, England (UK)
Jodhpur, Rajasthan (India)
Chevy Chase, MD
Iselin, NJ
Grove City, OH
Leopardstown (Ireland)
Sandyford (Ireland)
Vienna (Austria)
Northampton, England (UK)
Asia (Philippines)
Sparrows Point, MD
San Pedro, CA
Jacksonville, NC
Des Moines, IA
Clarksville, IN
North Sacramento, CA
College Park, MD
Crafton, PA
Dalton, GA
Pensacola, FL
Dundalk, MD
Bentonville, AR
Fullerton, CA
Mechanicsburg, PA
Asheville, NC
Puyallup, WA
Pikesville, MD
Amazon, MT
Manassas, VA
Brea, CA
Anchorage, AK
Fayetteville, NC
Tuscaloosa, AL
Waikïkï, HI
Provo, UT
Newport Beach, CA
Clinton Township, MI
Rockaway, NJ
Las Cruces, NM
Lincoln, NE
Earth, TX
Halifax, NS (Canada)
Wallisellen (Switzerland)
Gateshead, England (UK)
Coimbatore (India)
Sheffield, England (UK)
Nagpur, Maharashtra (India)
Pune City (India)
Niagara Falls, ON (Canada)
Lucknow (India)
Liverpool, England (UK)
Bordeaux, Aquitaine (France)
Kozhikode, Kerala (India)
Redmond, WV
Beirut (Lebanon)
Redmond, OR
Boise, ID
Issy-les-Moulineaux (France)
Fairfield, OH
Emea (Indonesia)
Redmond (Australia)
Hazelwood, MO
Covington, KY
Winston-Salem, NC
Topeka, KS
Hialeah, FL
Arlington, TX
Turlock, CA
Everett, MA
Saint Petersburg, FL
Carrollton, TX
Edmonds, WA
North Atlanta, GA
Topanga, CA
Elmhurst, NY
Stanford, CA
Sugar Land, TX
Maiden, NC
Franklin, TN
Norwalk, CT
Fayetteville, AR
Germantown, TN
Pleasanton, CA
Santa Cruz, CA
Beachwood, OH
Palm Desert, CA
Wellington, FL
Lone Tree, CO
India, TN
Mission Viejo, CA
Waterford (Ireland)
Alameda, CA
Leicester, England (UK)
Greenhithe, England (UK)
Laval, QC (Canada)
Tampere (Finland)
Cheyenne, WY
North Chicago, IL
Kenmore, WA
Duvall, WA
El Monte, CA
Brasília, Federal District (Brazil)
Burnaby, BC (Canada)
East Palo Alto, CA
Eagan, MN
Buena Park, CA
Tampa Palms, FL
Ringgold, GA
Jackson, MS
Clarksville, TN
Perris, CA
Shippensburg, PA
Columbus, GA
Newcastle, WA
Dayton, OH
Duluth, MN
North Charleston, SC
Oakbrook Terrace, IL
Athens, GA
Peoria, AZ
Tysons, VA
Stamford, CT
South Florida, FL
Atlantic City, NJ
Huntington Station, NY
Zagreb (Croatia)
Carrigaline (Ireland)
Bukit Merah, Central (Singapore)
New York, MO
Islamabad, Islamabad (Pakistan)
Karnal (India)
Cologne (Germany)
Covent Garden, England (UK)
Chongqing, Chongqing (China)
Mountain Ash, Wales (UK)
Knocknaheeny (Ireland)
Taguig (Philippines)
R?walpindi (Pakistan)
Thrissur (India)
Priština (Serbia)
Semarang, Central Java (Indonesia)
Delhi, NY
Canada, KS
Coral Springs, FL
Snohomish, WA
Puget, WA
Nanaimo, BC (Canada)
Coconut Creek, FL
Durban (South Africa)
Allentown, NJ
Plainfield, NJ
Binyamina (Israel)
Birmingham, PA
Florissant, MO
San Francisco, San Jose (Costa Rica)
Matthews, NC
Kar?chi (Pakistan)
Rancho Santa Margarita, CA
Basse-Goulaine (France)
London, CA
Northeast Center, NY
Pawnee, IL
Gilroy, CA
Watertown, SD
Downers Grove, IL
Las Colonias, TX
Sartrouville (France)
Egypt (South Africa)
Dhanbad (India)
Addis Ababa (Ethiopia)
Duhok (Iraq)
West Valley City, UT
Ahmedabad (India)
Basel (Switzerland)
Roma (Italy)
Riga (Latvia)
Heddon on the Wall, England (UK)
Hellerup (Denmark)
Rochester, MI
Tabr?z, East Azarbaijan (Iran)
Saskatoon, SK (Canada)
Shinagawa (Japan)
Racine, WI
Aurangabad, Maharashtra (India)
Norco, CA
Tel Aviv (Israel)
Albany, GA
Martinez, CA
Myrtle Beach, SC
Forest, LA
Decatur, GA
Katsina, Katsina (Nigeria)
Jabiny?nah (Tunisia)
Khulna (Bangladesh)
Port Of Kennewick, WA
Hill AFB, UT
Charleston, WV
Indian Trail, NC
Crete, IL
West Carteret, NJ
Se Ree, KY
Middletown, NJ
Curl Tex Colonia, TX
Downingtown, PA
Easley, SC
Mountain House, CA
South Kenosha, WI
Bainbridge, GA
Garden City, KS
Ballston, VA
Lexington, NC
Bergenfield, NJ
Lithia, FL
Reading, PA
Covington, GA
Hazelton Mills, PA
Pine Knot, KY
Simpsonville, SC
Chickamauga, GA
Alexandria, VA
Lake Dallas, TX
Blank, MD
Campbellsvlle, KY
McKinney, TX
West Lafayette, IN
West Allis, WI
Spring Hill, FL
Sun City Center, FL
Elkton, MD
West Chester, OH
Newtown, PA
San Jacinto, CA
Chelsea, MA
Brockton, MA
Kent, WV
Normandy Park, WA
Wildomar, CA
Goose Creek, SC
Owingsville, KY
Dover, DE
Ireland, IN
Menlo Park, NJ
Minden, NV
Balch Springs, TX
Mount Pleasant, SC
Jonesboro, AR
Whitehall, PA
Plymouth, MN
Longview, TX
Shawnee, OK
Hartville, OH
Oak Brook, IL
Reedley, CA
Westminster, CO
Grand Lake, CO
El Sobrante, CA
Fishers, IN
Titusville, FL
Murrieta, CA
Palm Springs, CA
Glendora, NJ
Woodside, NY
Canoga Park, CA
Shelton, CT
Livermore, CA
Redwood City, CA
East Freehold, NJ
North Dartmouth, MA
Berwyn, IL
Cool Springs, TN
Rohnert Park, CA
Norwood, OH
Miami Springs, FL
Saint Cloud, FL
Saint Cloud, MN
Silver Spring, MD
Rancho Cordova, CA
Westland, MI
Tunis, MI
Nassau, NY
Mishawaka, IN
Peekskill, NY
Back Mountain, PA
Valencia, CA
North Providence, RI
Ashford, AL
Athens, OH
Clearwater, FL
Key West, FL
Holyoke, MA
College Station, TX
Madurai North (India)
San Ramon, CA
Milwa (South Africa)
Grays, England (UK)
East Brunswick, NJ
Pengerang (Malaysia)
Council Bluffs, IA
Stratford, London, England (UK)
Shepherds Bush, England (UK)
Gillingham, England (UK)
Gold Coast (Australia)
Tindouf (Algeria)
Cachar (India)
Surrey, BC (Canada)
Syktyvkar (Russia)
Norwich, England (UK)
Arifiye (Turkey)
Karimnagar, Telangana (India)
Cupo (Chile)
Peterborough, ON (Canada)
Clapham, London, England (UK)
Midtown Toronto, ON (Canada)
Burlington, ON (Canada)
M?rpur, Azad Kashmir (Pakistan)
Pesh?war (Pakistan)
Marbella (Spain)
Augsburg, Bayern (Germany)
Lviv (Ukraine)
Aix-en-Provence (France)
LakshmÄ«pur, Chittagong (Bangladesh)
West Des Moines, IA
London, KY
Alwarpet (India)
Wilsonville, OR
Driver, AR
Pepperell, MA
Paki, Kano (Nigeria)
Harrisonburg, VA
Argyle, TX
Indore (India)
Ball Ground, GA
Lingfield, England (UK)
Indi, Karnataka (India)
Woodside, CA
Kraków (Poland)
Hoffman Estates, IL
M?ri Indus (Pakistan)
Mission Viejo, CO
Pune (India)
Burke, VA
Chittagong (Bangladesh)
Carolina, PR
Elsene, Brussels (Belgium)
Oregon City, OR
Lille (France)
Castle Rock, CO
Norcross, GA
Alpharette, GA
India, PA
North Lauderdale, FL
Englewood, CO
Arctic Bay, NU (Canada)
Newyork, Scotland (UK)
Phagwara (India)
Lon (Spain)
Kongens Lyngby (Denmark)
Bak (Bosnia and Herzegovina)
Oakville, ON (Canada)
San Leandro, CA
Salo, Western Finland (Finland)
Palmetto, FL
Anniston, AL
Caracas, Capital District (Venezuela)
Alexandria (Egypt)
Hachi?ji (Japan)
Kampala (Uganda)
Changping, Beijing (China)
Sussex, WI
Johor Bahru (Malaysia)
Ajmer (India)
Maracaibo (Venezuela)
Stockton, CA
Altoona, IA
Carlisle, MA
Makassar (Indonesia)
Gojra, Punjab (Pakistan)
Melaka (Malaysia)
Cagayan de Oro (Philippines)
Charlestown, IN
Granite City, IL
Home, PA
Lawrenceville, GA
Winchester, VA
Tedder, FL
New Castle, DE
Penn, PA
Green Bay, WI
Brisbane, CA
Waterbury, CT
Clearbrook, VA
Commerce, CA
Rosemead, CA
Warrenton, VA
Langhorne, PA
Chatsworth, CA
Dublin, OH
Amherst, MA
State College, PA
Sn Bernrdno, CA
Buckeye, AZ
Green Valley, AZ
Shoreline, WA
Williamsburg, VA
Victorville, CA
Florence Station, NJ
Lathrop, CA
White Marsh, MD
Gaston, SC
Maysville, KY
Menifee, CA
Lithia Springs, Douglas, GA
Troy, NY
Hermosa Beach, CA
Denton, TX
Williamsburg, OH
Browns Mills, NJ
Tabernacle, NJ
Wake Forest, NC
Milford, DE
Toms River, NJ
Saylorsburg, PA
Lauderhill, FL
Savannah, GA
Charlotte C H, VA
Lakewood, CO
Des Peres, MO
Woodbury, NJ
Copperton, UT
Round Rock, TX
Artesia, CA
Fairport, NY
Lawrence, NJ
Pullman, WA
Lorton, VA
Lincoln, CA
Lawson, MO
Rockford, IL
Wheeling, WV
Manchester, NH
South Portland, ME
Boaz, AL
Long Beach, NY
Taylorsville, UT
Gainesville, GA
Dedham, MA
Appleton, WI
Spring, TX
Ocala, FL
Sharon, MA
Cape Canaveral, FL
Fort Myers, FL
Millersville, PA
Bernalillo, NM
Encinitas, CA
Bethany, OK
Montebello, CA
Hempstead, NY
Woodbury, MN
Lemont, IL
El Mirage, AZ
Shreveport, LA
Nowhere, OK
Bedford, MA
West Hollywood, CA
Chula Vista, CA
Cape Colony, NC
Kïhei, HI
Madison, NJ
Grayslake, IL
Glasgow, KY
Clemson, SC
Walnut, CA
No Creek, KY
Carbondale, IL
East Syracuse, NY
Greenville, NC
Pom-o-sa Heights, MO
Tripoli (Libya)
Chermside (Australia)
Mount Vernon, NY
Zaragoza (Spain)
South Melbourne (Australia)
Brazil, IN
Fort Collins, CO
Edith, GA
Manama (Bahrain)
Chicago, WI
Pointe-Claire, QC (Canada)
Limerick, Co. Limerick (Ireland)
Kingston, East of England, England (UK)
Slough, Berkshire, South East England, England (UK
All Stretton, England (UK)
Ouagadougou (Burkina Faso)
Exeter, England (UK)
Dartford, England (UK)
Raheny (Ireland)
Garden City (Australia)
California, Santander (Colombia)
Visakhapatnam (India)
The Hague (Netherlands)
SanFrancisco (Venezuela)
Sarasota, FL
Lehi, UT
Gurganwamustkil (India)
Samut Prakan (Thailand)
Conroe, TX
Mombasa (Kenya)
Spain, SD
Mercer Island, WA
San Juan, PR
Huntingdon Valley, PA
Germa (Nigeria)
Sandy Hook, CT
Mar Menor (Spain)
Mill Creek, WA
Pyrmont (Australia)
Sachse, TX
Galena, MD
Bangkok (Thailand)
Medford, OR
Burgas (Bulgaria)
Surprise, AZ
Kitchener, ON (Canada)
Waxhaw, NC
Jarabacoa (Dominican Republic)
The Eastern, OH
Mill Valley, CA
Sea Bright, NJ
Burbank, CA
Bellevue, NE
Springdale, AR
American Fork, UT
Ashland, VA
Hyder?b?d, Sind (Pakistan)
Ashbourne (Ireland)
Bellmawr, NJ
Bryanston (South Africa)
Jackson, TN
Chino, CA
Pontedera (Italy)
Global Village Park (India)
Loznica, Toplica, Central Serbia (Serbia)
Milano (Italy)
Twycross, England (UK)
Greer, SC
Port Louis (Mauritius)
Fleet, South East England, England (UK)
Néa Smírni, Thessaly (Greece)
Södertälje (Sweden)
Elgin, IL
La Serena (Chile)
New England (Jamaica)
Chandigarh (India)
Duluth, GA
Cambridge, South West England, England (UK)
Srinagar, Jammu and Kashmir (India)
Lewisville, TX
Palmdale, CA
Douala (Cameroon)
?lipur, Sylhet (Bangladesh)
Roseau (Dominica)
Cecil Manor, MD
Loma Linda, CA
Greenwood, IN
West Hartford, CT
Patapsco, MD
Arlington, WA
Merriam, KS
Urbana, IL
Cal Poly SLO, CA
Prague, OK
Oregon, OH
Meriden, CT
Vancouver, WA
Wolcott, CT
Alamogordo, NM
Acworth, GA
New Albany, IN
New Bern, NC
Hutchins, TX
Gig Harbor, WA
Middletown, OH
Asheboro, NC
Winchester, CA
Canton, MI
Apache Junction, AZ
Potomac Falls, VA
Forest Hills, NY
Bend, OR
Cave Creek, AZ
Upland, CA
Joppatowne, MD
Pompano Beach, FL
Aberdeen, MD
Fontana, CA
Hudson, WI
Sturtevant, WI
Palmetto, GA
South Pasadena, FL
Parrish, FL
Queen Creek, AZ
Brick, NJ
Mentone, CA
Hopewell, VA
Parkville, MD
North Indianapolis, IN
Dunlap, TN
Germany, TX
Brier, WA
Pendleton, OR
Woodstock, GA
West Asheville, NC
Sparks, NV
Cameron, NC
Cocoa, FL
Riverside, IL
Avon, MA
Mentor, OH
Exeter, PA
Atlanta, TX
Independence, MO
Nanuet, NY
Bridgeport, CT
Woodmere, OH
Richmond Hill, GA
Smithtown, NY
Sheffield Lake, OH
Medford, MA
Ridgeland, MS
Fairview, NJ
Jackson, NJ
Brookline, MA
Lawtey, FL
Anaheim, CA
Mastic, NY
Fairlawn, OH
Baldwin, NY
Glendale, Andrew, MO
Christiana, DE
Ithaca, NY
Cape Coral, FL
Middle Village, Otsego, NY
Bakersfield, CA
Kettering, OH
Magnolia, TX
East Lansing, MI
Milpitas, CA
Miami Gardens, FL
Lakeville, MN
Wharton, NJ
Chestnut Hill, MA
Lafayette, LA
Fayetteville, TN
Temple, TX
Lancaster, PA
Saint Peters, MO
Rowlett, TX
Rockland, NY
Hattiesburg, MS
Avon Lake, OH
Minnetonka, MN
California, MD
Wenzhou, Zhejiang (China)
Germany, GA
Austin, IN
Newton, MA
Aberdeen, Scotland (UK)
Male (Maldives)
Winthrop, MA
Alto, TX
Doncaster (Australia)
Mont Alto, PA
Park City, UT
North Toronto, ON (Canada)
Kireka (Uganda)
Rae Bareli (India)
?an?? (Egypt)
Yellowstone, AB (Canada)
Bromley, England (UK)
Aha (Nigeria)
Dammam (Saudi Arabia)
Ciudad Guayana (Venezuela)
Maple, ON (Canada)
Curitiba (Brazil)
Sunshine (Australia)
All Saints (South Africa)
Geneva (Switzerland)
Castle Hill (Australia)
Greater Noida (India)
New England (South Africa)
Joura (India)
Roma (Australia)
Dibrugarh (India)
Kollam (India)
Taiz, Ta'izz (Yemen)
Nice (France)
Lonavala (India)
Beaufort, SC
Tijuana, Baja California (Mexico)
Newport Coast, CA
Castleblayney (Ireland)
Manchester, TN
Thessaloníki (Greece)
West Lake Sammamish, WA
Erbil (Iraq)
Isle of Wight, VA
Bhilwara (India)
Perth Amboy, NJ
Secunderabad (India)
Weston, FL
Satara (India)
Fairway, KS
Lake Stevens, WA
Piracicaba, São Paulo (Brazil)
Any-Martin-Rieux (France)
Greenville, OH
Varanasi (India)
Binghamton, NY
Banjarbaru (Indonesia)
Windham, NH
Aliso Viejo, CA
Humacao, PR
Hollywood, CA
Aurora, IN
Eagle River, AK
Lindenwold, NJ
Orange, CT
Malvern, PA
Chiang Mai (Thailand)
Holliston, MA
Swords (Ireland)
Basti (India)
Ongole (India)
Quito (Ecuador)
Udaipur, Rajasthan (India)
Swindon, Wiltshire, South West England, England (U
Bratislava (Slovakia)
Groveport, OH
Guildford, England (UK)
Algiers (Algeria)
National City, CA
Ampang, Selangor Darul Ehsan (Malaysia)
Hangzhou, Zhejiang (China)
Unterschleißheim (Germany)
Nanigi East (Kenya)
Accra (Ghana)
Over Feldborg (Denmark)
Allen, TX
Ch?fu (Japan)
Tashkent (Uzbekistan)
Los Lunas, NM
Romulus, MI
West Menlo Park, CA
San Carlos, CA
Jurupa Valley, CA
Tehran, Tehran (Iran)
Gardena, CA
Bury, North West England, England (UK)
Makati City (Philippines)
Fairview, TX
Doral, FL
Glen Mills, PA
East Saint Louis, IL
Erie, PA
Milford, MA
Bangor, ME
North Houston, TX
Gatesville, TX
Cal-Ida, CA
Port St Lucie, FL
Taylors, SC
Keller, TX
Apex, NC
Winchester, TN
Tolleson, AZ
Rochester, NH
Hermiston, OR
Moonachie, NJ
Rancho Bernardo, CA
Bloomsburg, PA
Bolingbrook, IL
Pitts, PA
Johns Creek, GA
Saint Augustine, FL
South Windsor, CT
Shillington, PA
Point Clear, AL
Wesley Chapel, FL
Chantilly, VA
Redondo Beach, CA
Henderson, NV
McDonough, GA
Emmaus, PA
East Wallingford, CT
Pemberton, NJ
Lithonia, GA
Lakewood Ranch, FL
Irmo, SC
Bow, WA
Dulles, VA
Johnson City, TN
Whitewater, WI
Laguna Niguel, CA
Highland, CA
Mountain Home, ID
Venice, FL
Falls Church, VA
Palm Harbor, FL
Jeffersonville, KY
Culver City, CA
Kahala, HI
Flat Rock, MI
Madison, TN
Northridge, CA
Elyria, OH
Glen Allen, VA
Manchester, CT
Totowa, NJ
Elmwood Park, NJ
Halls Fifth Avenue Condominium, UT
Estero, FL
Latrobe, PA
Casselberry, FL
Marlborough, MA
Conway, AR
Trumbull, CT
Hanover, NH
Laguna Hills, CA
Bountiful, UT
Fair Oaks, VA
Monterey, CA
Hutto, TX
Lyndhurst, OH
Cranston, RI
Chapel Hill, NC
Roselle, IL
Israel Haul, DE
Sunrise, FL
Elizabethton, TN
Riverside, NJ
Drexel Hill, PA
Beverly, MA
West Jordan, UT
Altamonte Springs, FL
Fulton, MD
La Jolla, CA
Tyson's Corner, Fairfax, VA
Egypt, AR
South San Jose Hills, CA
Springfield, MA
Glandorf, OH
Switzerland, FL
Columbia City, IN
Roosevelt, NY
Peach Pu, AZ
Daleville, IN
Cal-Vel, NC
China, NY
Kilkenny (Ireland)
La Prairie, QC (Canada)
Lexington, MA
Nguru, Yobe (Nigeria)
Mountain View Acres, CA
Daegu (South Korea)
Meridian, MS
Galway (Ireland)
Cleveland, GA
Haarlem (Netherlands)
Surat (India)
Omagh, Northern Ireland (UK)
Bandon (Ireland)
Cheltenham, Victoria (Australia)
Kigali, Kigali (Rwanda)
Etobicoke, ON (Canada)
Wakefield, England (UK)
Warangal (India)
Cardiff, Wales (UK)
Kolhapur, Maharashtra (India)
Germ (France)
Rye (Australia)
Yaba, Lagos (Nigeria)
Milton Keynes, England (UK)
Liffol-le-Grand (France)
Southend-on-Sea, England (UK)
Tongzhou, Beijing (China)
